bsk_id,bsk_name,district_name,sub_division_name,block_municipalty_name,gp_ward,gp_ward_distance,bsk_type,bsk_sub_type,bsk_code,no_of_deos,is_aadhar_center,bsk_address,bsk_lat,bsk_long,bsk_account_no,bsk_landline_no,is_saturday_open,is_active,district_id,block_mun_id,gp_id,sub_div_id,pin
1232,DAHALA GP,BANKURA,KHATRA SDO,KHATRA,DAHALA,0,Rural,GP,BAN/H/R/01956,2,0,"Dahala Gram Panchayat PO- Kakradara, Khatra, Bankura",22.9306004,86.8823305,40458699724,"",YES,t,4,15,1443,4,722140
3415,SI OFFICE BISHNUPUR 1,SOUTH 24 PARGANAS,ALIPORE SADAR,BISHNUPUR I,PURBA BISHNUPUR,0.1,Rural,CLRC,S24/S/R/03321,2,0,"BISHNUPUR-I CIRCLE, BHASA, SOUTH 24 PGS PIN-743503",22.4042481,88.279779,40460528335,,NO,t,3,305,3183,62,743503
1499,KANDUA GP,HOWRAH,SADAR SDO,SANKRAIL,KANDUA,0,Rural,GP,HOW/H/R/02929,2,0,"Vill +PO Kandua , Sankrail ",22.5704337,88.1647758,40458702669,,NO,t,12,98,2394,23,711302
2325,SANGRAMPUR SHIBHATI GP,NORTH 24 PARGANAS,BASIRHAT,BASIRHAT I,SANGRAMPUR SHIBHATI,0,Rural,GP,N24/H/R/02252,2,0,"Vill + PO - Sangrampur, Pin - 743422",22.6664205,88.8728205,40460339880,,NO,t,2,198,2803,42,743422
141,HALDIBARI BDO,COOCH BEHAR,MEKHLIGANJ SDO,HALDIBARI,BOXIGANJ,1,Urban,BDO,COO/P/R/00298,2,1,"HALDIBARI BDO OFFICE,WARD NO 07,VILL;MELAR MATH,POST;HALDIBARI",26.3306117,88.7814709,40460443155,"",NO,t,7,57,123,11,735122
257,CHAKDAHA,NADIA,KALYANI SDO,CHAKDAHA,TATLA-II,2,Rural,BDO,NAD/P/R/01192,2,0,"VILL. - KAMALPUR, GP-TATLA II, P.O+P.S-CHAKDAHA, NADIA. PIN - 741222",23.0837144,88.5527797,40460466321,,NO,t,18,185,994,36,741222
1795,MALANDIGHI P.H.C.,PASCHIM BARDHAMAN,DURGAPUR,KANKSA,MALANDIGHI,1.5,Urban,Health Center,PAB/H/R/01665,2,0,"Vill+Po- Malandighi, Pin-713212",23.5672867,87.4038529,40460554820,03432586606,NO,t,23,214,1764,46,713212
1664,RAJARAMPUR P.H.C.,MURSHIDABAD,LALBAG SDO,LALGOLA,PAIKPARA,4.5,Rural,Health Center,MUR/H/R/00872,2,0,"RAJARAMPUR, LALGOLA, MURSHIDABAD, PIN- 742151",24.3553839,88.1930577,40460459267,,NO,t,17,166,703,35,742151
2704,DURLOVPUR  GP,UTTAR DINAJPUR,RAIGANJ SDO,ITAHAR,DURLAVPUR,0,Rural,GP,UDR/H/R/00490,2,0,"VILL- SONAPUR, PO- DURLOVPUR PS-ITAHAR PIN-733143, U/D",25.5130308,88.1865704,40460630961,,NO,t,10,337,367,68,733143
2014,ILOO PHC,PURULIA,JHALDA,JHALDA I,ILU-JARGO,3,Rural,Health Center,PUR/H/R/01787,2,0,VILL+PO- ILOO PS- JHALDA DIST- PURULIA PIN- 723212,23.2997883,85.8774952,40460754909,,NO,t,19,295,1238,59,723212
348,RAINA - II,PURBA BARDHAMAN,BARDHAMAN SADAR SOUTH,RAINA II,ARUI,4.5,Rural,BDO,PUB/P/R/01406,2,1,Vill + PO + PS : Madhabdihi PIN Code: 713423,23.0130198,87.8665388,40460549945,03451265209,NO,t,5,248,1759,53,713424
3552,HALDIA MUNICIPALITY,PURBA MEDINIPUR,HALDIA,HALDIA MUNICIPALITY,WARD NO.-13,0.02,Urban,Municipality,PUM/U/U/03555,2,0,"VILL: DEBHOG WARD NO- 13, P.O- Debhog, P.S- Haldia, PIN- 721657, MUNICIPALITY- HALDIA MUNICIPALITY",22.0606796,88.0778666,40460553554,03224294124,NO,t,15,475,8703,56,721657
236,BHARATPUR -I BDO,MURSHIDABAD,KANDI SDO,BHARATPUR I,BHARATPUR,1.0,Rural,BDO,MUR/P/R/00747,2,0,"BHARATPUR-I DEV. BLOCK, VILL+P.O-BHARATPUR,PIN-742301",23.8767435,88.0816144,40460464925,03484296436,NO,t,17,161,764,34,742301
1137,BAMANGHATA GP,SOUTH 24 PARGANAS,BARUIPUR,BHANGAR II,BAMANGHATA,0,Rural,GP,S24/L/R/03119,2,0,BAMANGHATA,22.523134,88.4682965,40458698710,,NO,t,3,312,2942,63,700150
1292,BARSHAL  GP,BANKURA,BANKURA SADAR SDO,GANGAJALGHATI,BARSHAL,0,Rural,GP,BAN/H/R/02016,1,0,"Barshal Gram Panchayat Office, Vill-Srichandanpur, PO-Nityanandapur",23.4704727,87.1834024,40458700377,03241262092,YES,t,4,11,1402,2,722142
2274,ISLAMPUR RH,MURSHIDABAD,DOMKAL SDO,RANINAGAR I,ISLAMPURCHAK,2.5,Rural,Health Center,MUR/H/R/00898,1,0,"ISLAMPUR,DIST-MURSHIDABAD,PIN-742304",24.155754,88.470092,40460332080,,NO,t,17,148,667,32,742304
903,BERGOOM-II GP,NORTH 24 PARGANAS,BARASAT SADAR,HABRA I,BERGOOM-II,0,Rural,GP,N24/L/R/02148,2,0,"BERGOOM-II GP, GOBARDANGA",22.868184,88.7084274,40460325573,,NO,t,2,192,2746,40,743263
2981,KMC BOROUGH OFFICE  BR-XVI -JOKA,KOLKATA,KOLKATA MUNICIPAL CORPORATION,KOLKATA MUNICIPAL CORPORATION,WARD NO.-144,0,Urban,Borough Office,KOL/S/U/03047,2,0,DIAMOND PARK-JOKA.KOL-700104,22.4525343,88.303095,40460838585,"",YES,t,24,391,9368,69,700104
932,SAHID SMRITI PATHAGAR,NORTH 24 PARGANAS,BARASAT SADAR,ASHOKENAGAR-KALYANGARH MUNICIPALITY,WARD NO.-10,0.5,Urban,Library,N24/L/R/02172,2,0,"RJVF+8C5, Ashoknagar, West Bengal 743222",22.8435378,88.6221748,40460338219,,NO,t,2,431,6444,40,743222
1619,KASHIMNAGAR GP,MURSHIDABAD,JANGIPUR SDO,SUTI II,KASHIMNAGAR,0,Rural,GP,MUR/H/R/00827,2,0,"VILL+P.O-KASHIMNAGAR,P.S-SUTI,742224",24.6237956,87.9842318,40458704065,03485263002,NO,t,17,154,795,33,742224
2460,RAMGANJ-1 GP,UTTAR DINAJPUR,ISLAMPUR SDO,ISLAMPUR,RAMGANJ-I,0,Rural,GP,UDR/H/R/00484,2,0,"RAMGANJ BAZAR,ISLAMPUR  ,UTTAR DINAJPUR",26.3194643,88.2876397,40460450967,03526297609,NO,t,10,338,292,67,733207
1734,BILKANDA-II GP,NORTH 24 PARGANAS,BARRACKPORE,BARRACKPORE II,BILKANDA-II,0,Rural,GP,N24/H/R/02192,2,0,"VILLAGE - MURAGACHHA, PO - JUGBERIA, PS - GHOLA, PIN- 700110",22.6968804,88.4225312,40460532409,,YES,t,2,187,2906,41,700110
3212,RAJNAGAR GP,PASCHIM MEDINIPUR,GHATAL,DASPUR-I,RAJNAGAR,0,Rural,GP,PAM/S/R/02759,2,0,"VILL-RAJNAGARPO-CHETUA RAJNAGARPS-DASPURPIN-
721211DIST-PASCHIM  MIDNAPORE",22.5772942,87.6680195,40460337248,,NO,t,16,218,2012,47,721211
2652,SANKARI II GP,PURBA BARDHAMAN,BARDHAMAN SADAR SOUTH,KHANDAGHOSH,SANKARI II,0,Rural,GP,PUB/H/R/01563,2,0,"VILL-KUNJANAGAR, P. O- TELUA, P. S- KHANDAGHOSH, PIN-713424",23.2026649,87.7658273,40460618117,,NO,t,5,249,1677,53,713424
2786,SI OFFICE NALHATI EAST,BIRBHUM,RAMPURHAT SDO,NALHATI-II,BARA-I,1.5,Rural,CLRC,BIR/S/R/01166,2,0,"VILL-LOHAPUR, PO-LOHAPUR, PS-NALHATI, DIST-BIRBHUM, PIN-731237",24.3014596,87.9544506,40460646916,03465297332,NO,t,6,43,1164,6,731237
547,SITAI- I GP,COOCH BEHAR,DINHATA SDO,SITAI,SITAI-I,0,Rural,GP,COO/L/R/00334,2,0,KESHARIBARI,26.0630168,89.3012363,40460751181,,NO,t,7,52,60,9,736167
2080,LANGOLBERIA GP,SOUTH 24 PARGANAS,BARUIPUR,SONARPUR,LANGALBERIA,0,Rural,GP,S24/H/R/03207,2,0,"VILL - Dakshin Gobindapur, P.O- Dakshin Gobindapur, P.S- Sonarpur, PIN - 700145",22.3897266,88.4117117,40460765207,"",YES,t,3,316,2981,63,700145
3685,GUPTIPARA-I GP,HOOGHLY,CHINSURAHA SADAR SDO,BALAGARH,GUPTIPARA-I,0,Rural,GP,HOO/L/R/02608,2,0,Mirdanga Govt Colony1no,23.1991774,88.4226629,40460741026,,NO,t,11,83,2527,21,712512
354,CONTAI-II/DESHAPRAN BDO,PURBA MEDINIPUR,CONTAI,DESHAPRAN,DHOBABERIA,1,Rural,BDO,PUM/P/R/03345,1,0,"VILL: SAFIABAD, P.O- SAFIABAD, P.S- CONTAI, PIN- 721442, BLOCK- CONTAI 2",21.810295,87.8302878,40460550279,03220253652,NO,t,15,283,2286,54,721442
3642,"BOROUGH OFFICE XII, 97 & 98 GARFA MAIN ROAD,KOLKATA -75",KOLKATA,KOLKATA MUNICIPAL CORPORATION,KOLKATA MUNICIPAL CORPORATION,WARD NO.-104,0,Urban,Borough Office,KOL/U/U/03078,1,1,97 & 98 Garfa  Main Road (Jadavpur) Kolkata - 700075,22.497678,88.3811171,40460637729,03324185001,YES,t,24,391,6418,69,700075
3107,SADHANPUR GP,NORTH 24 PARGANAS,BARASAT SADAR,AMDANGA,SADHANPUR,0,Rural,GP,N24/S/R/02275,2,0,SADHANPUR   ,22.8190069,88.5131747,40460329533,,NO,t,2,190,2777,40,743221
1334,RAJGRAM GP,BIRBHUM,RAMPURHAT SDO,MURARAI-I,RAJGRAM,0,Rural,GP,BIR/H/R/01096,2,0,"Vill: Rajgram Bazar, PO : Rajgram, Birbhum",24.545409,87.8667045,40458700832,03465297173,NO,t,6,46,1175,6,731222
1646,KIRITESWARI GP,MURSHIDABAD,LALBAG SDO,NABAGRAM,KIRITESWARI,0,Rural,GP,MUR/H/R/00854,2,0,"VILL+PO- KIRITESWARI, PS- NABAGRAM, DIST- MSD PIN - 742104",24.1832522,88.1946006,40460458297,03483295057,NO,t,17,167,721,35,742104
1798,BAIDYANATHPUR GP,PASCHIM BARDHAMAN,DURGAPUR,PANDABESWAR,BAIDYANATHPUR,0,Rural,GP,PAB/H/R/01668,2,0,"vill - Baidyanathpur , p.s - pandabeswar, p.o - pandabeswar ,pin - 713346",23.7149793,87.2732055,40460555041,,NO,t,23,215,1778,46,713346
1017,GOTISTHA GP,PURBA BARDHAMAN,KATWA,MONGALKOTE,GOTISTHA,0,Rural,GP,PUB/L/R/01424,2,0,"VILL & P.O. -GOTISTHA, P.S.- MONGALKOTE, DIST- PURBA BARDHAMAN, PIN- 713131
",23.532363,87.812376,40460339664,03452295299,NO,t,5,250,1701,51,713131
1971,MAHAMMADPUR GP,PURBA MEDINIPUR,HALDIA,NANDIGRAM I,MAHAMMADPUR,0,Rural,GP,PUM/H/R/03452,2,0,"Vill - Mahammadpur, P.O. -Nilpur, P.S.- Nandigram, Pin- 721631",22.0145292,88.0027671,40460745076,,NO,t,15,269,2222,56,721631
2625,ICHHAPUR NILGUNJ GP,NORTH 24 PARGANAS,BARASAT SADAR,BARASAT I,ICHHAPUR NILGUNJ,0,Rural,GP,N24/H/R/02274,2,0,Nilgunj Bazaar,22.7503645,88.4450465,40460547711,,NO,t,2,188,2790,40,700121
293,RAJARHAT BLOCK,NORTH 24 PARGANAS,BIDHANNAGAR,RAJARHAT,RAJARHAT BISHNUPUR-II,0,Rural,BDO,N24/P/R/02131,2,1,"MAJHERPARA, RAJARHAT, PIN -700135",22.6169947,88.5048708,40460538003,,NO,t,2,207,2783,43,700135
1749,HINGALGANJ GP,NORTH 24 PARGANAS,BASIRHAT,HINGALGANJ,HINGALGANJ,0,Rural,GP,N24/H/R/02207,2,0,"Vill+P.O-Hingalganj,PS-Hingalganj,Block Hingalganj,North 24 pgs",22.4690946,88.9931018,40460543433,,NO,t,2,202,2862,42,743435
3297,SI OFFICE MOINA,PURBA MEDINIPUR,TAMLUK,MOYNA,MOYNA-I,1,Rural,CLRC,PUM/S/R/03531,2,0,"VILL: DAKSHIN ANUKHA, P.O- MOYNA, P.S- MOYNA, PIN- 721629, BLOCK- MOYNA",22.2522907,87.7741331,40460445062,,NO,t,15,264,2174,57,721629
352,CONTAI-I BDO,PURBA MEDINIPUR,CONTAI,CONTAI I,BADALPUR,0.5,Urban,BDO,PUM/P/R/03343,1,0,"VILL: KUMARPUR , WARD No. 11, P.O- Contai, P.S- Contai, PIN- 721401, BLOCK- CONTAI 1",21.7757261,87.7502809,40460550111,03220259646,NO,t,15,282,2311,54,721401
3093,SI OFFICE KALYANI,NADIA,KALYANI SDO,KALYANI,KANCHRAPARA,2.5,Urban,CLRC,NAD/S/R/01345,2,0,KALYANI NADIA.PIN-741235,22.9703234,88.4637012,40460328824,"",NO,t,18,183,1001,36,741235
2846,BIJANBARI-PULBAZAR  GP,DARJEELING,DARJEELING SADAR SDO,PULBAZAR,BIJANBARI-PULBAZAR,0,Rural,GP,DAR/S/R/00095,2,0,"Bistha Path, Bijanbari",27.0683267,88.1926971,40460750201,,NO,t,8,68,3260,15,734201
8,DM OFFICE HOWRAH,HOWRAH,SADAR SDO,HOWRAH MUNICIPAL CORPORATION,WARD NO.-29,0.1,Urban,DMO,HOW/P/U/02877,2,0,"123, Rishi Bankim Chandra Rd, Shree Market , Howrah Maidan, Howrah Railway Station, Shibpur, Howrah, West Bengal 711101",22.5800896,88.3373969,40460333764,,NO,t,12,383,8432,23,711101
1786,DAMRA PHC,PASCHIM BARDHAMAN,ASANSOL,ASANSOL MUNICIPAL CORPORATION,WARD NO.-87,4,Urban,Health Center,PAB/H/U/01656,2,0,DAMRA HEALTH CENTER PASHI PARA NEAR DAMRA HIGH SCHOOL.ASANSOL .POST OFFICE- DAMRA .PIN CODE-713339,23.6450842,87.0146834,40460545453,,NO,t,23,456,9249,45,713339
1812,BHAGABANTAPUR-II GP,PASCHIM MEDINIPUR,GHATAL,CHANDRAKONA-II,BHAGABANTAPUR-II,0,Rural,GP,PAM/H/R/02640,2,0,"VILL-KHIRATIPO-KHIRATIPS-CHANDRAKONAPIN-721201DIST-
PASCHIM  MIDNAPORE",22.8067431,87.5029743,40460555880,,NO,t,16,217,2037,47,721201
731,KUKURJAN GP,JALPAIGURI,JALPAIGURI SDO,RAJGANJ,KUKURJAN,0,Rural,GP,JAL/L/R/00156,1,0,"KUKURJAN GRAM PANCHAYAT,
P.O:KHOLAS PARA,
PIN:735133",26.5309631,88.5610725,40460830620,,NO,t,13,112,202,25,735133
88,ISLAMPUR SDO,UTTAR DINAJPUR,ISLAMPUR SDO,ISLAMPUR,ISLAMPUR,0.5,Rural,SDO,UDR/P/R/00428,2,1,"VILL - NEW TOWN, PO+PS- ISLAMPUR, DISTRICT - UTTAR DINAJPUR, PIN-733202",26.2553025,88.1859295,40460343615,03526297638,NO,t,10,338,284,67,733202
2132,JOYPUR BPHC,BANKURA,BISHNUPUR SDO,JOYPUR,SALDA,0.5,Rural,Health Center,BAN/H/R/02025,2,0,"VILL+P.O.- JOYPUR, P.S.- JOYPUR, DIST- BANKURA, STATE WEST BENGAL, PIN- 722138",23.0551967,87.4515464,40460835244,,YES,t,4,25,1439,3,722138
616,ANIYA BANKIM PUBLIC LIBRARY,HOOGHLY,SIRAMPUR SDO,CHANDITALA-I,ANIYA,1.5,Rural,Library,HOO/L/R/02392,2,0,Aniya                                               ,22.7258765,88.1445656,40460761676,03212241068,NO,t,11,92,2674,22,712706
2120,TATPARA-1,ALIPURDUAR,ALIPURDUAR SDO,ALIPURDUAR II,TATPARA-1,0,Rural,GP,ALI/H/R/00261,2,0,TATPARA-I GP OFFICE,26.5089643,89.6352308,40460834716,,NO,t,20,2,233,1,736208
2481,ANCHURI GP,BANKURA,BANKURA SADAR SDO,BANKURA I,ANCHURI,0,Rural,GP,BAN/H/R/02047,2,0,"ANCHURI GRAM PANCHAYAT VILL-BADULARA ,PO- WEST SANABANDH, BANKURA, PIN722102",23.2510049,86.9999074,40460460512,,YES,t,4,7,1355,2,722102
2069,UTTAR LAKSHMINARAYANPUR GP,SOUTH 24 PARGANAS,DIAMOND HARBOUR,MATHURAPUR I,LASKSHMINARAYANPUR UTTAR,0,Rural,GP,S24/H/R/03196,2,0,LAKSHMINARAYANPUR UTTAR,22.0894972,88.3793443,40460764655,"",YES,t,3,328,3119,65,743354
1729,BANKRA GOKULPUR GP,NORTH 24 PARGANAS,BASIRHAT,SWARUPNAGAR,BANKRA-GOKULPUR GP.,0,Rural,GP,N24/H/R/02187,2,0,"Vill-Goaldaha, PO- Goaldaha, PS-Swarupnagar, North 24 Parganas",22.7577473,88.860061,40460532170,,NO,t,2,206,2873,42,743427
1085,BHEKUTIA GP,PURBA MEDINIPUR,HALDIA,NANDIGRAM I,BHEKUTIA,0,Rural,GP,PUM/L/R/03395,2,0,"Vill + P.O. - Bhekutia,P.S.- Nandigram, Pin- 721656",22.0503215,87.9896585,40460447343,03224297150,NO,t,15,269,2221,56,721656
2410,BARABAZAR RH,PURULIA,MANBAZAR,BARABAZAR,BARABAZAR,1,Rural,Health Center,PUR/H/R/01818,2,0,Vill - Barabazar  P.O - Barabhum  Dist. - Purulia Pin - 723127,23.0260013,86.3657642,40460440926,,NO,t,19,294,1218,60,723127
3699,MAYNAGURI MUNICIPALITY BSK,JALPAIGURI,JALPAIGURI SDO,MAYNAGURI MUNICIPALITY,WARD NO.-9,0.10,Urban,Municipality,JAL/U/R/00227,2,1,Maynaguri Municipality  735224,26.5635763,88.822831,40460741945,"",YES,t,13,498,6974,25,735224
273,TEHATTA-I,NADIA,TEHATTA SDO,TEHATTA -I,TEHATTA,1,Rural,BDO,NAD/P/R/01208,1,0,TEHATTA. NADIA PIN-741160,23.7354953,88.5233578,40460536254,,NO,t,18,179,860,39,741160
2943,PADAMOTI-I GP,JALPAIGURI,JALPAIGURI SDO,MAYNAGURI,PADAMOTI-I,0,Rural,GP,JAL/S/R/00210,2,0,"VILL- PASCHIM HARMATI, 
P.O- BHOTEPATTY, 
P.S- MAYNAGURI, DISTRICT- JALPAIGURI, STATE- WEST BENGAL, PIN- 735305",26.4705558,88.8560111,40460829387,"",YES,t,13,111,182,25,735305
814,SUNDARPUR GP,MURSHIDABAD,LALBAG SDO,BHAGAWANGOLA I,SUNDARPUR,0,Rural,GP,MUR/L/R/00793,2,0,"VILL- ORAHAR, PO-SUNDARPUR, PS- BHAGWANGOLA, DIST- MSD, PIN- 742135",24.328704,88.2459661,40460319047,,NO,t,17,164,687,35,742161
665,RAMMOHAN - II GP,HOOGHLY,ARAMBAGH SDO,KHANAKUL-I,RAMMOHAN - II,0,Rural,GP,HOO/L/R/02439,2,0,"Vill:- Sekendarpur, Post: Helan, Police Station: Khanakul, Dist: Hooghly",22.7643496,87.8965098,40460831679,,NO,t,11,79,2637,19,712412
1760,SHASAN  GP,NORTH 24 PARGANAS,BARASAT SADAR,BARASAT II,SHASAN,0,Rural,GP,N24/H/R/02218,2,0,"Vill- Malrameswarpur, PO+PS-Shasan, Dist- North 24 Parganas, PIN- 743423",22.6475246,88.5856852,40460543896,,YES,t,2,189,2802,40,743423
2451,RAIDIGHI GP,SOUTH 24 PARGANAS,DIAMOND HARBOUR,MATHURAPUR II,RAIDIGHI,0,Rural,GP,S24/H/R/03251,2,0,"Vill. + P.O. - Raidighi, Dist. South 24 Parganas, Pin - 743383",21.9963031,88.4405379,40460450491,,NO,t,3,329,3128,65,743383
247,NABAGRAM BDO,MURSHIDABAD,LALBAG SDO,NABAGRAM,NABAGRAM,4.5,Rural,BDO,MUR/P/R/00758,2,0,"VILL & PO + PS- NABAGRAM, Dist Murshidabad, PIN 742184",24.1895429,88.0970606,40460465555,03483270122,NO,t,17,167,717,35,742184
1110,KAMTA-JANGIDIRI GP,PURULIA,MANBAZAR,MANBAZAR I,KAMTAJANGIDIRI,0,Rural,GP,PUR/L/R/01739,2,0,VILL-BALIGUMA POST-BIJOYDIH PS-KENDA DIST-PURULIA  PIN-723128,23.1322191,86.4874335,40460448631,,NO,t,19,290,1283,60,723128
2397,KAMARDA GP,PURBA MEDINIPUR,CONTAI,KHEJURI I,KAMARDA,0,Rural,GP,PUM/H/R/03483,2,0,"Vill: Kamarda, PO: Kamarda Bazar, PS: Khejuri, Dist: Purba Medinipur, PIN: 721432",21.9413832,87.8782159,40460440347,03220280020,NO,t,15,277,2304,54,721432
1923,KANKURIA GP,PURBA BARDHAMAN,KALNA,KALNA I,KAKURIA,0,Rural,GP,PUB/H/R/01519,2,0,"VILL-SAHAJPUR,PO-SAHAJPUR,PURBA BARDHAMAN,713405",23.306666,88.2472248,40460642446,,NO,t,5,257,1627,50,713405
1048,SERORAI GP,PURBA BARDHAMAN,BARDHAMAN SADAR NORTH,GALSI I,SERORAI,0,Rural,GP,PUB/L/R/01455,2,0,"VILL- SUNDALPUR, PO- PURATANGRAM, PS- GALSI, DIST- PURBA BARDHAMAN, PIN-713428",23.3148619,87.6162948,40460347701,,NO,t,5,240,1598,52,713428
3045,SI OFFICE SADAR EAST,MURSHIDABAD,BERHAMPORE SDO,BERHAMPORE MUNICIPALITY,WARD NO.-21,1,Urban,CLRC,MUR/S/R/00941,1,0,BERHAMPORE ,24.0914499,88.2529905,40460323836,03482297289,NO,t,17,410,8217,31,742101
2733,INDAS - I  GP,BANKURA,BISHNUPUR SDO,INDAS,INDUS-I,0,Rural,GP,BAN/S/R/02065,2,0,VILL -HARIPUR PO- INDAS PS -INDAS DIST BANKURA,23.1488377,87.6218886,40460632732,"",YES,t,4,24,1427,3,722205
2479,ULIARA GP,BANKURA,BISHNUPUR SDO,BISHNUPUR,ULIARA,0,Rural,GP,BAN/H/R/02045,2,0,"Uliara Gram Panchayat, Vill-Bishra, Po-Uliara,Pin-722122",23.1066378,87.3685577,40460460374,"",YES,t,4,23,1387,3,722122
1288,SALDIHA NEW PHC,BANKURA,KHATRA SDO,INDPUR,BRAMHANDIHA,2,Rural,Health Center,BAN/H/R/02012,1,0,"SALDIHA HEW PHC, VILL+P.O-SALDIHA, DIST-BANKURA, PIN-722173",23.1669726,86.8059971,40458700333,"",YES,t,4,16,1418,4,722173
3319,SANTURI THANA LAMPS BSK,PURULIA,RAGHUNATHPUR,SANTURI,SANTURI,5.5,Rural,LAMPS,PUR/S/R/01847,2,0,VILL+PO TALBERIAPS SANTURIDIST PURULIAPIN 723156,23.523854,86.853452,40460446054,"",NO,t,19,303,1353,61,723133
1771,RAUTARA GP ,NORTH 24 PARGANAS,BARASAT SADAR,HABRA I,ROUTARA,0,Rural,GP,N24/H/R/02229,2,0,"RAUTARA GP, HABRA",22.7914713,88.5880557,40460544459,,NO,t,2,192,2750,40,743234
1587,KHARBA GP,MALDAH,CHANCHAL SDO,CHANCHAL I,KHARBA,0,Rural,GP,MAL/H/R/00658,2,0,"Vill & PO Kharba, Chanchal I P.S Chanchal",25.4227802,88.0786859,40458703673,03513253045,NO,t,14,136,458,29,732126
314,GARHBETA-III BDO,PASCHIM MEDINIPUR,MIDNAPORE SADAR,GARHBETA-III,SANKARKANTA,0.07,Rural,BDO,PAM/P/R/02622,2,0,"Village-Durlavganj,p.o.-Satbankura,ps-GARHBETA,DIST-PASCHIM MEDINIPUR PIN-721253",22.7332116,87.335598,40460539288,,NO,t,16,233,1858,49,721253
188,BALLY JAGACHA BDO,HOWRAH,SADAR SDO,BALLY JAGACHA,CHAMRAIL,1,Rural,BDO,HOW/P/R/02884,2,1,"KHALIA,CHAMRAIL,HOWRAH             PIN- 711114",22.624208,88.2936439,40460453447,,YES,t,12,95,2345,23,711114
1770,RAJENDRAPUR GP,NORTH 24 PARGANAS,BASIRHAT,BASIRHAT II,RAJENDRAPUR,0,Rural,GP,N24/H/R/02228,2,0,"Vill- Noldi, PO- Rajendrapur, PS- Matia, PIN- 743291",22.6227931,88.8203777,40460544426,,NO,t,2,199,2818,42,743291
703,JAGADISHPUR GP,HOWRAH,SADAR SDO,BALLY JAGACHA,JAGADISHPUR,1,Rural,GP,HOW/L/R/02898,2,0,"JAGADISHPUR HUT , HOWRAH , 711114",22.648452,88.281829,40460833326,"",YES,t,12,95,2349,23,711115
1707,CHANDERGHAT GP,NADIA,TEHATTA SDO,TEHATTA -I,CHANDERGHAT,0,Rural,GP,NAD/H/R/01275,2,0,"VILL. & P.O. - CHANDERGHAT, PS - TEHATTA , PIN  - 741160",23.6909189,88.5058793,40460531030,,NO,t,18,179,855,39,741160
2976,"TARATOLLA  ASSESMENT,BR-XIII",KOLKATA,KOLKATA MUNICIPAL CORPORATION,KOLKATA MUNICIPAL CORPORATION,WARD NO.-119,0,Urban,Borough Office,KOL/S/U/03042,2,0,"1, DIAMOND HARBOUR ROAD.KOL-700038",22.5118906,88.3220149,40460838392,03324002113,YES,t,24,391,6433,69,700053
409,JOYNAGAR - II BDO,SOUTH 24 PARGANAS,BARUIPUR,JAYNAGAR II,FUTIGODA,0.01,Rural,BDO,S24/P/R/03101,2,1,"VILL-NIMPITH, P.O.-NIMPITH ASRAM, P.S- BAKULTALA SOUTH 24 PARGANAS, PIN- 743338.",22.1532626,88.4417441,40460623206,,NO,t,3,314,2965,63,743338
2366,KETUGRAM GP,PURBA BARDHAMAN,KATWA,KETUGRAM II,KETUGRAM,0,Rural,GP,PUB/H/R/01542,2,0,"VILL. + P.O. - PACHUNDI, P.S. - KETUGRAM, DIST.- PURBA BARDHAMAN, PIN. - 713123",23.7044876,88.0463495,40460341812,,NO,t,5,252,1665,51,713140
557,SITALKUCHI GP ,COOCH BEHAR,MATHABHANGA SDO,SITALKUCHI,SITALKUCHI,0,Rural,GP,COO/L/R/00344,2,0,"PS-MATHABHANGA,PIN-735303",26.1630993,89.1821886,40460752027,,YES,t,7,55,111,10,736158
2990,"BR-I, TREASURY",KOLKATA,KOLKATA MUNICIPAL CORPORATION,KOLKATA MUNICIPAL CORPORATION,WARD NO.-6,0,Urban,Borough Office,KOL/S/U/03056,2,1,"10, B. T ROAD.KOLKATA-700002",22.6115355,88.376374,40460839066,"",YES,t,24,391,9297,69,700002
3405,KANPUR DHANBERIA GP,SOUTH 24 PARGANAS,DIAMOND HARBOUR,DIAMOND HARBOUR I,KANPUR DHANBERIA,0,Rural,GP,S24/S/R/03311,2,0,"KANPUR DHANBERIA,
Village-Narayanpur Gauripur, P.O-Diamond Harbour, P.S-Diamond Harbour, District-South 24 Parganas,
PIN 743331",22.1762155,88.2100958,40460467857,,NO,t,3,321,3040,65,743331
3593,AMC BOROUGH-2 OFFICE,PASCHIM BARDHAMAN,ASANSOL,ASANSOL MUNICIPAL CORPORATION,WARD NO.-90,0.1,Urban,Borough Office,PAB/U/U/01710,1,1,"Asansol Municipal Corporation Office, Borough No.2 NH 60, NSB Rd, Raniganj, West Bengal 713347",23.6053577,87.1157684,40460625260,,NO,t,23,456,9252,45,713347
763,JODUPUR MODERN CLUB & LIBRARY,MALDAH,MALDA SADAR SDO,KALIACHAK I,NAWADA JADUPUR,0.5,Rural,Library,MAL/L/R/00631,2,0,"Vill+PO-Jodupur, PS-Kaliachak, Dist-Malda, Pin-732212",24.8842781,88.0467501,40460841677,,NO,t,14,130,554,30,732206
1473,TANTISAL PHC,HOOGHLY,ARAMBAGH SDO,KHANAKUL-I,TANTISAL,1.5,Rural,Health Center,HOO/H/R/02515,2,0,"Tantisal ,khanakul 1 ,hooghly.Near madanpur bus stand",22.7442246,87.9100017,40458702375,03121297522,NO,t,11,79,2632,19,712412
851,DHUBULIA-I GP,NADIA,KRISHNAGAR SADAR SDO,KRISHANAGAR-II,DHUBULIA-I,0,Rural,GP,NAD/L/R/01219,2,0,"DHUBULIA ,NADIA, 741139",23.4807931,88.4489726,40460319988,,NO,t,18,169,931,37,741139
683,THAKURANICHAK GP,HOOGHLY,ARAMBAGH SDO,KHANAKUL-I,THAKURANICHAK,0,Rural,GP,HOO/L/R/02455,2,0,"Vill: Paschim Thakuranichak, Post:- Thakuranichak, Police Station: Khanakul, Dist: Hooghly",22.7046922,87.7712809,40460832708,03211272218,NO,t,11,79,2638,19,712613
1827,JARA GP,PASCHIM MEDINIPUR,GHATAL,CHANDRAKONA-I,JARA,0,Rural,GP,PAM/H/R/02655,2,0,"VILL-TATARPUR PO-TATARPURPS-ChandrakonaPIN-721242DIST-
PASCHIM  MIDNAPORE",22.7939167,87.6229428,40460556533,,NO,t,16,216,2031,47,721242
2149,BOLPUR BPHC,BIRBHUM,BOLPUR SDO,BOLPUR MUNICIPALITY,WARD NO.-8,2,Urban,Health Center,BIR/H/R/01116,2,0,BOLPUR SRINIKETAN ROAD.P.O-BOLPUR.DIST-BIRBHUM.PIN-731204,23.6636741,87.6916433,40460836316,"",YES,t,6,347,9197,5,731204
1601,PANDUA PHC,MALDAH,MALDA SADAR SDO,GAZOLE,PANDUA,5,Rural,Health Center,MAL/H/R/00672,2,0,"KUTUB SAHAR,GAZOLE,MALDA,PIN-732102",25.134961,88.1498831,40458703844,03512235009,NO,t,14,128,497,30,732124
77,HALDIA SDO,PURBA MEDINIPUR,HALDIA,HALDIA MUNICIPALITY,WARD NO.-5,0.8,Urban,SDO,PUM/P/R/03338,2,0,"VILL: Basudevpur, Word No 5, P.O- Khanjanchak, P.S- Durgachak, PIN- 721602, BLOCK- SUTAHATA",22.0809349,88.1440755,40460343092,03224291604,NO,t,15,475,8695,56,721602
733,KHARIA GP,JALPAIGURI,JALPAIGURI SDO,JALPAIGURI (SADAR),KHARIA,0,Rural,GP,JAL/L/U/00158,2,0,"KHARIA GRAM PANCHAYAT,
P.O: PANDAPARA,
PIN:735132
",26.5060674,88.7144391,40460840129,"",YES,t,13,109,151,25,735132
527,ADABARI GP,COOCH BEHAR,DINHATA SDO,SITAI,ADABARI,0,Rural,GP,COO/L/R/00316,2,0,KEDARHAT  ,26.1216275,89.3304985,40460740340,,NO,t,7,52,57,9,736167
2607,BILKANDA-I GP,NORTH 24 PARGANAS,BARRACKPORE,BARRACKPORE II,BILKANDA-I,0,Rural,GP,N24/H/R/02256,2,0,"VILLAGE & POST - JUGBERIA, PS- NEWBARRACKPORE, PIN - 700110",22.6982651,88.4273867,40460546864,,YES,t,2,187,2905,41,700110
2184,RASHIDPUR RH,DAKSHIN DINAJPUR,GANGARAMPUR SDO,BANSIHARI,BRAJOBALLAVPUR,0.5,Urban,Health Center,DDR/H/R/00568,2,0,"Rashidpur Rural Hospital, PO- Buniadpur, PS- Banshihari, Dist - Dakshin Dinajpur , Pin - 733121",25.3938256,88.4058904,40460321012,"",NO,t,9,66,433,14,733121
3090,SI OFFICE KARIMPUR NEW,NADIA,TEHATTA SDO,KARIMPUR II,NATIDANGA-I,0.300,Rural,CLRC,NAD/S/R/01342,1,0,"VILL+P.O-NATIDANGA,P.S-THANARPARA",23.9682273,88.5421779,40460328755,,NO,t,18,182,839,39,741152
2463,KUNOOR BPHC,UTTAR DINAJPUR,RAIGANJ SDO,KALIYAGANJ,MUSTAFANAGAR,1.2,Rural,Health Center,UDR/H/R/00487,2,0,"VILL- HATPARA, PO- KUNOOR , PS- KALIYAGANJ, DIST- UTTAR DINAJPUR, PIN- 733129",25.5785019,88.272837,40460451111,03523266034,YES,t,10,336,360,68,733129
1500,KHOSHALPUR PHC,HOWRAH,ULUBERIA SDO,AMTA-I,ANULIA,3,Rural,Health Center,HOW/H/R/02930,2,0,"Vill-Ramchandrapur, P.O-Anulia, P.S-Amta, Pin-711401",22.6168553,88.0324794,40458702670,,NO,t,12,102,2412,24,711401
1864,GAZIPUR GP,PURBA BARDHAMAN,KATWA,KATWA II,GAZIPUR,0,Rural,GP,PUB/H/R/01460,2,0,"VILL.- DEASIN, P.O.- DEASIN, DIST. - PURBA BARDHAMAN, PIN. - 713502",23.5627898,88.2194551,40460628307,,NO,t,5,254,1649,51,713502
3318,KUMARCHAK GP,PURBA MEDINIPUR,TAMLUK,NANDAKUMAR,KUMARCHAK,0,Rural,GP,PUM/S/R/03551,2,0,"Vill - Rajarampur, P.O. - Kumarchak, P.S.- Nandakumar, Pin- 721652",22.2417683,87.8510488,40460445981,03228297261,NO,t,15,265,2182,57,721652
2551,RAJAPUR,HOWRAH,SADAR SDO,DOMJUR,DAKSHIN JHAPORDAH,2,Rural,Health Center,HOW/H/R/02972,2,0,"Rajapur, Domjur, Howrah, 711405",22.6496409,88.1919509,40460534008,,NO,t,12,96,2357,23,711405
2916,SI OFFICE JAGATBALLAVPUR SOUTH,HOWRAH,SADAR SDO,JAGATBALLAVPUR,SANKARHATI-I,2,Rural,CLRC,HOW/S/R/02990,2,0,"VILL- MUNSIRHAT, P.O- MUNSIRHAT, PS- JAGATBALLAVPUR, DIST- HOWRAH, PIN- 711410",22.6486721,88.0972503,40460767918,,YES,t,12,99,2380,23,711410
2183,AKCHA GP,DAKSHIN DINAJPUR,GANGARAMPUR SDO,KUSHMANDI,AKCHA,0,Rural,GP,DDR/H/R/00567,2,0,"VILL- JAMBARI, PO&PS- KUSHMANDI, DIST- DAKSHIN DINAJPUR, PIN- 733132",25.5414362,88.3611081,40460321001,03524291183,NO,t,9,65,373,14,733132
1169,MURIGANGA-II GP,SOUTH 24 PARGANAS,KAKDWIP,SAGAR,MURIGANGA-II,0,Rural,GP,S24/L/R/03150,2,0,"VILL-MANDIRTALA,P.O-MANDIRTALA,PIN-743373,P.S-SAGAR",21.8115485,88.1176662,40458699054,,NO,t,3,333,3166,66,743373
1705,KAMALPUR GP,NADIA,RANAGHAT SDO,RANAGHAT -II,KAMALPUR,0,Rural,GP,NAD/H/R/01273,2,0,"VILL.- PURBA NOWAPARA,P.O-PURBA NOWAPARA,P.S.-DHANTALA,DIST-NADIA,PIN-741501",23.2092477,88.656943,40460530922,,NO,t,18,176,990,38,741501
2825,CHILKHANA-I GP,COOCH BEHAR,TUFANGANJ SDO,TUFANGANJ -I,CHILKHANA-I,0,Rural,GP,COO/S/R/00418,2,0,"VILL+PO-RASIKBIL, PS- BOXIRHAT, DIST- COOCHBEHAR, PIN-736131",26.3039131,89.5946748,40460748703,,NO,t,7,58,67,12,736159
3546,KHARAR MUNICIPALITY,PASCHIM MEDINIPUR,GHATAL,KHARAR MUNICIPALITY,WARD NO.-7,0,Urban,Municipality,PAM/U/U/02780,2,0,"Vill+PO- KHARAR,PS- Ghatal,Dist-PASCHIM MEDINIPUR, 721222",22.7201136,87.6811021,40460553203,"",YES,t,16,463,7968,47,721222
752,ARAIDANGA GP,MALDAH,CHANCHAL SDO,RATUA II,ARIDANGA,0,Rural,GP,MAL/L/R/00620,2,0,Vill-Goborjona;PO- Araidanga;PS-Pukuria;Dist-Malda;Pin-732204,25.1058273,88.0060453,40460841032,03513255058,NO,t,14,141,484,29,732204
3499,"BSK KN SEN / KASBA, (BR-VII)",KOLKATA,KOLKATA MUNICIPAL CORPORATION,KOLKATA MUNICIPAL CORPORATION,WARD NO.-67,0,Urban,Borough Office,KOL/S/U/03070,2,1,"28A, K.N.SEN ROAD,KASBA Kolkata-700042",22.5204498,88.3745988,40460541797,03324420009,YES,t,24,391,6381,69,700042
2588,PAHARPUR GP,MURSHIDABAD,DOMKAL SDO,RANINAGAR I,PAHARPUR,0,Rural,GP,MUR/H/R/00919,2,0,"VILL-PAHARPUR, P.O-DANGAPARA, P.S-ISLAMPUR, DIST-MURSHIDABAD, PIN-742302",24.2027518,88.4186558,40460545805,03481236033,NO,t,17,148,665,32,742302
2507,DHANGDHINGURI GP,COOCH BEHAR,COOCHBEHAR SADAR SDO,COOCH BEHAR -II,DHANDINGURI,0,Rural,GP,COO/H/R/00387,1,0,DHANGDHINGURI GP OFFICE,26.4070245,89.4338777,40460462214,,NO,t,7,49,20,8,736165
3174,SI OFFICE KULTI,PASCHIM BARDHAMAN,ASANSOL,ASANSOL MUNICIPAL CORPORATION,WARD NO.-59,0.500,Urban,CLRC,PAB/S/U/01704,1,0,"Vidyasagar Bhawan, Sitarampur, Kulti CLRC,Paschim Bardhaman,pin-713359",23.7194643,86.8819783,40460335922,,NO,t,23,456,9037,45,713359
1285,RAMSAGAR  GP,BANKURA,BANKURA SADAR SDO,ONDA,RAMSAGAR,0,Rural,GP,BAN/H/R/02009,2,0,"Ramsagar Gram Panchayat
Vill+PO- Ramsagar, Dist.- Bankura",23.0976235,87.272496,40458700297,03244254428,YES,t,4,13,1474,2,722147
259,HANSKHALI ,NADIA,RANAGHAT SDO,HANSKHALI,BETNA GOBINDAPUR,1,Rural,BDO,NAD/P/R/01194,1,1,"VILL-HANSKHALI, P.O- HANSKHALI, P.S- HANSKHALI, DIST-NADIA, PIN- 741505",23.3643277,88.6005632,40460466456,03472295090,NO,t,18,177,948,38,741505
3353,BARABAZAR GP,PURULIA,MANBAZAR,BARABAZAR,BARABAZAR,0,Rural,GP,PUR/S/R/01881,2,0,"VILLAGE:-BARABAZAR
PO:-BARABHUM, 
PS:-BARABAZAR , PURULIA:-723127",23.0289654,86.3584211,40460455739,,NO,t,19,294,1218,60,723127
1026,AKALPOUSH GP,PURBA BARDHAMAN,KALNA,KALNA II,AKALPOUSH ,0,Rural,GP,PUB/L/R/01433,2,0,"VILL-SUIPARA, P.O- TEHATTA, P.S-KALNA, DIST-PURBA BARDHAMAN, PIN-713122",23.1933296,88.2713109,40460346752,,NO,t,5,258,1632,50,713122
1052,UKHURA PALLI UNNAYAN PATHAGAR,PURBA BARDHAMAN,KALNA,PURBASTHALI II,NIMDAHA,5,Rural,Library,PUB/L/R/01459,2,0,"UKHURA PALLI UNNAYAN PATHAGAR, BELERHAT ST RD, JAINESWARPUR, PIN..713515, WB",23.5215985,88.284586,40460347881,,NO,t,5,256,1737,50,713512
2632,KANKSA II,PASCHIM BARDHAMAN,DURGAPUR,KANKSA,KANKSA,1,Rural,Health Center,PAB/H/R/01692,2,0,"VILL :MIRE PARA,POST:PANAGARH BAZAR,PS:KANKSA,DIST:PASCHIM BARDHAMAN,PIN-713148",23.4554941,87.4533569,40460548158,03432525506,NO,t,23,214,1763,46,713148
1871,BAGNAPARA P.H.C.,PURBA BARDHAMAN,KALNA,KALNA I,BAGNAPARA,1,Rural,Health Center,PUB/H/R/01467,2,0,"Vill:-Madanhansa, P.O:- Bagnapara, Dist:-Purba Bardhaman",23.2438543,88.2774495,40460628748,03454296008,NO,t,5,257,1623,50,713409
386,NETURAI BLOCK,PURULIA,RAGHUNATHPUR,NETURIA,JANARDANDIH,1,Rural,BDO,PUR/P/R/01730,2,0,"Neturia BDO office, at Gobag, Post:- Ramkanali, pin:- 723142, Dist :- Purulia, W.B.",23.5973077,86.7603782,40460621209,03251252016,NO,t,19,302,1295,61,723142
2262,AHIRON GP,MURSHIDABAD,JANGIPUR SDO,SUTI I,AHIRON,0,Rural,GP,MUR/H/R/00886,2,0,"VILL+P.O-AHIRAN,P.S-SUTI,742223",24.518211,88.0263511,40460327706,,NO,t,17,153,791,33,742223
765,MALATIPUR GP,MALDAH,CHANCHAL SDO,CHANCHAL II,MALATIPUR,0,Rural,GP,MAL/L/R/00633,1,0,"vill and P.O.-Malatipur, P.S.- Chanchal",25.329161,88.0191209,40460841780,03513253066,NO,t,14,137,467,29,732123
2602,MADANPUR-II GP,NADIA,KALYANI SDO,KALYANI,MADANPUR-II,0,Rural,GP,NAD/H/R/01318,2,0,Madanpur-II Gram Panchayat,23.012326,88.4734208,40460546547,,NO,t,18,183,1004,36,741245
3162,SI OFFICE GOPALNAGAR,NORTH 24 PARGANAS,BANGAON,BANGAON,GOPALNAGAR-II,2.1,Rural,CLRC,N24/S/R/02329,2,0,"3Q8H+HHJ, Barakpur, West Bengal 743262",23.0664668,88.7788029,40460331632,,NO,t,2,195,2722,44,743262
2339,CHANDRAKONA RH,PASCHIM MEDINIPUR,GHATAL,CHANDRAKONA-II,LALSAGAR,2,Rural,Health Center,PAM/H/R/02693,2,0,"LALSAGAR,CHANDRAKONA,PASCHIM MEDINIPUR, 721201",22.7218215,87.5092774,40460340524,03225296618,NO,t,16,217,3355,47,721201
2843,"BL&LRO OFFICE, KUSHMANDI",DAKSHIN DINAJPUR,GANGARAMPUR SDO,KUSHMANDI,AKCHA,1.5,Rural,BL&LRO,DDR/S/R/00594,2,0,"Kushmandi, PO+PS: Kushmandi, PIN: 733132",25.5306638,88.3629094,40460750029,,NO,t,9,65,373,14,733132
2850,GHAYABARI I GP,DARJEELING,KURSEONG SDO,KURSEONG,GAYABARI I ,0,Rural,GP,DAR/S/R/00099,1,0,"Samser Busty, Giddha pahar",26.8691859,88.293096,40460757434,,NO,t,8,71,3310,16,734203
1742,DUTTAPUKUR PHC,NORTH 24 PARGANAS,BARASAT SADAR,BARASAT I,DUTTAPUKUR-II,2,Rural,Health Center,N24/H/R/02200,2,0,"SRIJANI PALLY, DUTTAPUKUR, GANGAPUR, NORTH 24 PARGANAS, WEST BENGAL 743248",22.7604945,88.548311,40460542995,,NO,t,2,188,2789,40,743248
2383,AMLAT BPHC,PURBA MEDINIPUR,HALDIA,HALDIA MUNICIPALITY,WARD NO.-1,0.9,Urban,Health Center,PUM/H/R/03469,1,0,"VILL: AMLAT, P.O- SUTAHATA, P.S- SUTAHATA, PIN- 721635, BLOCK- SUTAHATA",22.1205465,88.1062115,40460439625,03224297062,NO,t,15,475,6999,56,721635
2612,PIFA  GP,NORTH 24 PARGANAS,BASIRHAT,BASIRHAT I,PIFA,0,Rural,GP,N24/H/R/02261,2,0,"Vill - Debhoge, PO - Kathur, Pin - 743422",22.6048753,88.8513884,40460547063,03217249301,NO,t,2,198,2808,42,743422
3137,SI OFFICE HAROA,NORTH 24 PARGANAS,BASIRHAT,HAROA,HAROA,1,Rural,CLRC,N24/S/R/02304,2,0,"VILL+P.O-PIYARA,P.S-HAROA,DIST-NORTH24 PARGANAS, PIN- 743425",22.6156746,88.6818625,40460330571,,YES,t,2,200,2843,42,743425
2961,SASRA GP,JHARGRAM,JHARGRAM SDO,GOPIBALLAVPUR-I,SASRA,0,Rural,GP,JHA/S/R/02863,2,0,Vill: Tikayetpur P.O.:Asanboni,22.1815989,86.8080027,40460837456,03221266213,NO,t,22,120,2064,27,721506
692,BALLY GP,HOWRAH,SADAR SDO,BALLY JAGACHA,BALLY,0,Rural,GP,HOW/L/R/03587,1,0,"VILL - BALLY ,POST - GHOSHPARA, P.S - NISCHINDA , G.P - BALLY,HOWRAH",22.6463225,88.3352936,40460741377,03326711013,NO,t,12,95,2344,23,711201
1191,MAHIPUR GP,UTTAR DINAJPUR,RAIGANJ SDO,RAIGANJ,MOHIPUR,0,Rural,GP,UDR/L/R/00442,2,0,"VILL+P.O-  KANTORE,P.S-RAIGANJ j,733130, UTTAR DINAJPU",25.7524306,88.1195383,40458699281,,NO,t,10,334,339,68,733156
1888,CHANAK,PURBA BARDHAMAN,KATWA,MONGALKOTE,CHANAK,0,Rural,GP,PUB/H/R/01484,2,0,"VILL- IRSANDA, P.O.- JOYPUR, P.S. -MONGALKOTE, DIST. -PURBA BARDHAMAN, PIN- 713128",23.529047,87.7633276,40460630064,03452262304,NO,t,5,250,1700,51,713128
3265,ARUI GP,PURBA BARDHAMAN,BARDHAMAN SADAR SOUTH,RAINA II,ARUI,0,Rural,GP,PUB/S/R/01602,2,0,"VILL:-BARPUR,PO:-PASANDA,PIN:-713421",23.022922,87.902706,40460345997,,NO,t,5,248,1759,53,713421
1101,"BL&LRO OFFICE, CONTAI-I",PURBA MEDINIPUR,CONTAI,CONTAI I,RAIPUR PASCHIMBARH,0.5,Urban,BL&LRO,PUM/L/R/03411,2,0,"VILL: KUMARPUR , WARD No. 11, P.O- Contai, P.S- Contai, PIN- 721401, BLOCK- CONTAI 1",21.7765675,87.7488779,40460448176,03220255205,NO,t,15,282,2313,54,721401
2552,SANKARHATI -II  GP,HOWRAH,SADAR SDO,JAGATBALLAVPUR,SANKARHATI-II,0,Rural,GP,HOW/H/R/02973,2,0,KRISHNANDAPUR-MUNSHIRHAT -HOWRAH,22.6532906,88.0858354,40460534042,03214232210,YES,t,12,99,2379,23,711410
339,KETUGRAM - II,PURBA BARDHAMAN,KATWA,KETUGRAM II,GANGATIKURI,0.5,Rural,BDO,PUB/P/R/01397,2,1,"VILL+P.O- GANGATIKURI,P.S-KETUGRAN,PIN-713123",23.7148581,88.0855236,40460549559,,NO,t,5,252,1667,51,713123
1737,CHARGHAT GP,NORTH 24 PARGANAS,BASIRHAT,SWARUPNAGAR,CHARGHAT GP.,0,Rural,GP,N24/H/R/02195,2,0,"Vill+PO- Charghat, PS-Swarupnagar, North 24 Parganas",22.8526363,88.8103488,40460542746,,NO,t,2,206,2871,42,743247
3322,BABUGRAM GP,PURULIA,RAGHUNATHPUR,RAGHUNATHPUR I,BABUGRAM,0,Rural,GP,PUR/S/R/01850,2,0,"Village + PO - Babugram, Dist - Purulia, PIN - 723133",23.5357179,86.6043696,40460446247,03251251105,NO,t,19,300,1337,61,723133
2562,BAITA GP,JHARGRAM,JHARGRAM SDO,BINPUR-I,BAITA,0,Rural,GP,JHA/H/R/02848,2,0,"BAITA,JOSHPUR,",22.4934365,87.0529848,40460534654,03221251219,NO,t,22,118,2046,27,721504
1263,KENJAKURA  GP,BANKURA,BANKURA SADAR SDO,BANKURA I,KENJAKURA,0,Rural,GP,BAN/H/R/01987,2,0,"KENJAKURA GRAM PANCHAYAT VILL+ POST - KENJAKURA , BANKURA , PIN-722139",23.2670166,86.9239679,40458700059,"",YES,t,4,7,1360,2,722139
827,SARKARPARA SATYA SANGHA RURAL LIBRARY,MURSHIDABAD,DOMKAL SDO,JALANGI,CHOAPARA,4,Rural,Library,MUR/L/R/00806,2,0,"VILL+P.O SARKARPARA, P.S JALANGI ,DIST-MURSHIDABAD,PIN-742305",24.1020383,88.6928355,40460319489,03481235058,NO,t,17,150,660,32,742305
2056,NOWPUKURIA  GP,SOUTH 24 PARGANAS,DIAMOND HARBOUR,FALTA,NOAPUKURIA,0,Rural,GP,S24/H/R/03183,1,0,"vill-Nowpukuria,p.o.-Satal,south 24 parganas",22.3242486,88.1808849,40460763719,,NO,t,3,323,3058,65,743504
2524,CHATHAT GP,DARJEELING,SILIGURI SDO,PHANSIDEWA,CHATHAT BANSGAON,0,Rural,GP,DAR/H/R/00083,2,0,"CHATHAT BAZAR,PHANSIDEWA. DARJEELING",26.5459944,88.3296492,40460463057,,NO,t,8,76,3346,18,734434
885,SWARUPGANJ  GP,NADIA,KRISHNAGAR SADAR SDO,NABADWIP,SWARUPGANJ,0,Rural,GP,NAD/L/R/01244,1,0,"SWARUPGANJ,NABADWIP, NADIA.741315",23.4132253,88.3932028,40460325211,03472291866,NO,t,18,172,938,37,741315
1720,SHIKARPUR GP,NADIA,TEHATTA SDO,KARIMPUR I,SHIKARPUR,0,Rural,GP,NAD/H/R/01288,2,0,"Office of the Shikarpur GP
 VILL-FUNKATALA,P.O-SHIKARPUR,P.S-MURUTIA,DISTRICT-NADIA,pin-741158",23.986405,88.723502,40460531697,,NO,t,18,181,850,39,741158
3585,"BOROUGH-I OFFICE, NARAYANPUR",NORTH 24 PARGANAS,BIDHANNAGAR,BIDHANNAGAR MUNICIPAL CORPORATION,WARD NO.-4,0,Urban,Borough Office,N24/U/U/02350,2,1,"BABLATALA UDYACHAL,P.S-NARAYANPUR,P.O-R GOPALPUR,KOL-700136",22.637121,88.4549489,40460624903,,NO,t,2,453,6897,43,743445
1065,"BL&LRO OFFICE, RAMNAGAR-I",PURBA MEDINIPUR,CONTAI,RAMNAGAR I,TALGACHHARI -I,0.05,Rural,BL&LRO,PUM/L/R/03375,2,0,"VILL: TALGACHHARI, P.O- RAMNAGAR, P.S- RAMNAGAR, PIN- 721441, BLOCK- RAMNAGAR 1	",21.6787423,87.5600538,40460438372,03220264022,NO,t,15,280,2326,54,721441
1491,DEULPUR GP,HOWRAH,SADAR SDO,PANCHLA,DEULPUR,0,Rural,GP,HOW/H/R/02921,2,0,"Vill: Deulpur, PO: Deulpur, PS: Panchla, Dist: Howrah, PIN: 711411",22.6076674,88.1661465,40458702580,,NO,t,12,97,2405,23,711411
591,LAMAHATTA  GP,DARJEELING,DARJEELING SADAR SDO,RANGLI RANGLIOT,LAMAHATTA,0,Rural,GP,DAR/L/R/00033,2,0,LAMAHATTA GRAM PANCHYAT OFFICE LAMAHATTA BUSTY,27.0610157,88.350631,40460753949,,NO,t,8,69,3299,15,734213
203,RAJGANJ BDO,JALPAIGURI,JALPAIGURI SDO,RAJGANJ,PANIKAURI,3,Rural,BDO,JAL/P/R/00149,2,1,"Rajganj Bdo office ,Post-Rajganj, P. S-Rajganj,Dist-Jalpaiguri,Pin-735134",26.5662925,88.5285172,40460454101,"",YES,t,13,112,205,25,735134
3636,HOWRAH MUNICIPAL  CORPORATION HMC HEAD OFFICE,HOWRAH,SADAR SDO,HOWRAH MUNICIPAL CORPORATION,WARD NO.-29,0,Urban,Municipal Corporation,HOW/U/U/03010,2,1,4 M G Road pin- 711101,22.5816657,88.3370111,40460637504,,NO,t,12,383,8432,23,711101
3320,SONAIJURI GP,PURULIA,PURULIA SADAR,PURULIA I,SONAIJURI,0,Rural,GP,PUR/S/R/01848,2,0,"Vill- Sonaijuri , PO- Baligera , PS- Tamna, PIN- 723149",23.3407161,86.328401,40460446123,,NO,t,19,285,1326,58,723149
2565,SAPDHARA GP,JHARGRAM,JHARGRAM SDO,JHARGRAM,SAPDHARA,0,Rural,GP,JHA/H/R/02851,2,0,"BANKATI,P.O-PUKURIA,",22.4186606,86.9582742,40460534836,,NO,t,22,116,2118,27,721514
171,DHANIAKHALI BDO,HOOGHLY,CHINSURAHA SADAR SDO,DHANIAKHALI,SOMASPUR-I,0.15,Rural,BDO,HOO/P/R/02378,2,1,"SOMASPUR,,DHANIAKHALI,,HOOGHLY,,712302",22.9654024,88.0941968,40460452580,03213255106,NO,t,11,87,2559,21,712302
209,JAMBONI BDO,JHARGRAM,JHARGRAM SDO,JAMBONI,GIDHNI,0.2,Rural,BDO,JHA/P/R/02801,2,0,"VILL+PO- Gidhni, PS-Jamboni, Dist-Jhargram, Pin-721505,Block-Jamboni",22.4841296,86.8522563,40460454429,,NO,t,22,117,2079,27,721505
15,DM OFFICE NORTH 24 PARGANAS,NORTH 24 PARGANAS,BARASAT SADAR,BARASAT MUNICIPALITY,WARD NO.-14,0,Urban,DMO,N24/P/R/02108,1,1,"DM OFFICE BARASAT, NORTH 24 PARGANAS,PIN-700124",22.7224538,88.4862512,40460333991,,NO,t,2,428,7319,40,700124
238,BURWAN BDO,MURSHIDABAD,KANDI SDO,BURWAN,BURWAN-II,1.5,Rural,BDO,MUR/P/R/00749,2,0,"VILL.+ P.O.-GRAMSALIKA,P.S.-BURWAN,DIST-MURSHIDABAD,PIN-742132",23.9063232,87.9631878,40460465000,,NO,t,17,160,751,34,742132
2216,BANIBON GP,HOWRAH,ULUBERIA SDO,ULUBERIA-II,BANIBON,0,Rural,GP,HOW/H/R/02951,2,0,"Vill + Post -Banibon, PS- Rajapur,Block- Uluberia-II Dis-Howrah, 711316 ",22.4935271,88.0975568,40460326065,,NO,t,12,101,2482,24,711316
487,CHATRA KALYAN SAMITY RURAL LIBRARY,BIRBHUM,RAMPURHAT SDO,MURARAI-I,CHATRA,0.5,Rural,Library,BIR/L/R/01026,2,0,"Vill + P.O. - Chatra, PS - Murarai, Dist - Birbhum, West Bengal 731238",24.3725773,87.8466798,40460647874,03465297237,NO,t,6,46,1169,6,731238
3247,JAGADANANDAPUR GP,PURBA BARDHAMAN,KATWA,KATWA II,JAGADANANDAPUR,0,Rural,GP,PUB/S/R/01584,2,0,"VILL - JAGADANANDAPUR, PO - AKHRA, P.S. - KATWA, PURBA BARDHAMAN, PIN - 713502",23.5866763,88.1699825,40460345352,,NO,t,5,254,1650,51,713502
423,CHOPRA BDO,UTTAR DINAJPUR,ISLAMPUR SDO,CHOPRA,CHOPRA,0.5,Rural,BDO,UDR/P/R/00430,2,1,"VILL+POST+P.S- CHOPRA, DISTRICT- UTTAR DINAJPUR, PIN 733207",26.3675252,88.3101078,40460624084,,NO,t,10,339,281,67,733207
2752,SI OFFICE RANIBANDH,BANKURA,KHATRA SDO,RANIBANDH,RANIBANDH,0.1,Rural,CLRC,BAN/S/R/02084,2,0,"Vill+P.O+P.S- Ranibandh, Dist- Bankura, State- West Bengal, PIN- 722148",22.8651305,86.782682,40460644556,,NO,t,4,18,1502,4,722148
2766,SI OFFICE SONAMUKHI(N),BANKURA,BISHNUPUR SDO,SONAMUKHI MUNICIPALITY,WARD NO.-12,0.6,Urban,CLRC,BAN/S/R/02098,2,0,"Vill+P.O+PS-Sonamukhi,Bankura722207",23.2990076,87.4103072,40460645538,03244275015,NO,t,4,346,7794,3,722207
2150,KUSUMBA GP,BIRBHUM,RAMPURHAT SDO,RAMPURHAT-I,KUSUMBA,0,Rural,GP,BIR/H/R/01117,2,0,"VILL+PO- CHAKAIPUR, PS: RAMPURHAT, BIRBHUM, PIN.-731223
",24.208837,87.735120,40460836361,03461297131,NO,t,6,40,1124,6,731223
3440,"OFFICE OF THE INSPECTOR, FOOD & SUPPLIES, PATRASAYER",BANKURA,BISHNUPUR SDO,PATRASAYER,PATRASAYER,1,Rural,F&S Inspector Office,BAN/L/R/02103,2,0,"Vill+PO-Patrasayer, PS-Patrasayer, District-Bankura",23.2064577,87.5288951,40460539776,03244266009,NO,t,4,26,1486,3,722206
3217,JALCHAK N N VIDYAYATAN CRC,PASCHIM MEDINIPUR,KHARAGPUR,PINGLA,JALCHAK-II,0.50,Rural,CLRC,PAM/S/R/02764,2,0,"VILL. + P.O.- JALCHAK, P.S.- PINGLA,  PIN - 721155",22.2405403,87.6726491,40460337420,03222241016,NO,t,16,229,1966,48,721155
1792,KANTABERIA P.H.C.,PASCHIM BARDHAMAN,DURGAPUR,DURGAPUR FARIDPUR,PRATAPPUR,4.5,Rural,Health Center,PAB/H/R/01662,1,0,"Kantaberia , Dhabani , Paschim Bardhaman , 713205",23.6130145,87.3734708,40460554637,,NO,t,23,212,1786,46,713205
237,BHARATPUR -II BDO,MURSHIDABAD,KANDI SDO,BHARATPUR II,SALAR,1.0,Rural,BDO,MUR/P/R/00748,2,0,"SALAR , SALAR , 742401",23.7654704,88.1028348,40460464970,03484296281,NO,t,17,162,769,34,742401
2621,PADMALOVPUR,NORTH 24 PARGANAS,BARASAT SADAR,AMDANGA,TARABERIA,8.4,Rural,Health Center,N24/H/R/02270,2,0,"VILL+P.O- PADMALOVPUR, P.S- AMDANGA, DIST- NORTH 24 PARGANAS, PIN- 743126",22.8104712,88.5112708,40460547518,,NO,t,2,190,2779,40,743126
216,BAMANGOLA BDO,MALDAH,MALDA SADAR SDO,BAMONGOLA,PAKUAHAT,0.5,Rural,BDO,MAL/P/R/00602,2,0,"VILL - PAKUAHAT,P.O - PAKUAHATP.S - BAMANGOLA",25.1228456,88.3672792,40460463681,03511266004,NO,t,14,135,516,30,732138
3444,ARJUNPUR GP,MURSHIDABAD,JANGIPUR SDO,FARAKKA,ARJUNPUR,0,Rural,GP,MUR/L/R/00968,2,0,"VILL&PO-ARJUNPUR, PS-FARAKKA, DIST-MURSHIDABAD,PIN-742202",24.7172032,87.9348307,40460539981,,NO,t,17,157,830,33,742202
467,RADHANAGAR RURAL LIBRARY,BANKURA,BISHNUPUR SDO,BISHNUPUR,RADHANAGAR,1,Rural,Library,BAN/L/R/01944,2,0,"Radhanagar,po- Bon Radhanagar ps - Bishnupur pin 722157",23.1514877,87.3224617,40460636486,"",YES,t,4,23,1386,3,722157
2708,SURUN-II GP,UTTAR DINAJPUR,RAIGANJ SDO,ITAHAR,SURUN-II,0,Rural,GP,UDR/H/R/00494,2,0,"VILL+PO-KEOTAL, PS-ITAHAR,PIN-733123",25.550484,88.1067216,40460631171,,NO,t,10,337,366,68,733123
1769,PUMLIA PHC,NORTH 24 PARGANAS,BARASAT SADAR,HABRA II,BHURKUNDA,0.2,Rural,Health Center,N24/H/R/02227,2,0,"VILL-PUMLIA,P.O-SENDANGA,P.S-ASHOKENAGAR, DIST-NORTH 24 PARGANAS,PIN-743272.",22.8821971,88.597408,40460544380,,NO,t,2,193,2754,40,743272
1548,CHICHIRA PHC,JHARGRAM,JHARGRAM SDO,JAMBONI,CHICHRA,1,Rural,Health Center,JHA/H/R/02820,2,0,"Vill+po-chichra , Ps+ Block-jamboni , Dist- Jhargram , Pin-721503",22.3071342,86.8850806,40458703232,,NO,t,22,117,2085,27,721503
1839,MOHAR GP,PASCHIM MEDINIPUR,KHARAGPUR,SABANG,MOHAR,0,Rural,GP,PAM/H/R/02666,2,0,"VILL-MOHARPO-MOHARPS-SABANGPIN-721161DIST-PASCHIM
MIDNAPORE",22.1646094,87.6875926,40460557106,,NO,t,16,230,1982,48,721161
2371,MANKAR RH,PURBA BARDHAMAN,BARDHAMAN SADAR NORTH,GALSI I,MANKAR,0.9,Rural,Health Center,PUB/H/R/01547,1,0,"Vill + Po - Mankar, Ps-Budbud, Dist-Purba Bardhaman, Pin-713144",23.4332845,87.5503677,40460341992,,NO,t,5,240,1595,52,713144
2268,BHARATPUR RH,MURSHIDABAD,KANDI SDO,BHARATPUR I,BHARATPUR,0.15,Rural,Health Center,MUR/H/R/00892,2,0,"BHARATPUR RH, BHARATPUR, MURSHIDABAD, 742301",23.8767169,88.0801118,40460331881,03484296437,YES,t,17,161,764,34,742301
2388,BHAGWANPUR GP,PURBA MEDINIPUR,EGRA,BHAGABANPUR I,BHAGWANPUR,0,Rural,GP,PUM/H/R/03474,2,0,"Vill + P.O. - Bhagwanpur , P.S.- Bhagwanpur, Pin-721601",22.1013325,87.7516721,40460439874,,NO,t,15,274,2238,55,721601
2138,PATRASAYER GP,BANKURA,BISHNUPUR SDO,PATRASAYER,PATRASAYER,0,Rural,GP,BAN/H/R/02031,2,0,"Vill+PO- Patrasayer, 
PS-Patrasayer",23.2030914,87.5314651,40460835506,03244266014,YES,t,4,26,1486,3,722206
1874,BALGONA GP,PURBA BARDHAMAN,BARDHAMAN SADAR NORTH,BHATAR,BALGONA,0,Rural,GP,PUB/H/R/01470,2,0,"VILL- BALGONA RS,P.O.- BALGONA(TD),P.S.-BHATAR,PURBA BARDHAMAN,PIN-713520",23.4564482,87.9494348,40460628873,03422320025,NO,t,5,239,1572,52,713520
1966,PANCHROL GP,PURBA MEDINIPUR,EGRA,EGRA I,PANCHROL,0,Rural,GP,PUM/H/R/03447,2,0,"At. + P.O.- Kasbagola, P.S.- Egra, Dist. Purba Medinipur, Pin.- 721447.",21.8146468,87.4546973,40460744742,03220247616,NO,t,15,275,2340,55,721447
3351,TUMRASOLE GP,PURULIA,MANBAZAR,BARABAZAR,SUKURHUTU,0,Rural,GP,PUR/S/R/01879,2,0,"VILLAGE:- TUIMA TOLA BARADIH ,
PO:-SUPURDIH, 
PS:-BARABAZAR, PURULIA:-723143",23.0756223,86.307581,40460455626,,NO,t,19,294,1224,60,723143
2893,SI OFFICE SADAR,HOOGHLY,CHINSURAHA SADAR SDO,HOOGHLY-CHINSURAH MUNICIPALITY,WARD NO.-10,1.5,Urban,CLRC,HOO/S/U/02582,2,0,"VIVEKANANDA ROAD, PIPULPATI , WARD NO - 10, P.O - HOOGHLY ",22.9003405,88.3945061,40460759747,03326800268,NO,t,11,374,6591,21,712103
633,"OFFICE OF THE ADA, GOGHAT-I",HOOGHLY,ARAMBAGH SDO,GOGHAT-I,GOGHAT,1,Rural,ADA Office,HOO/L/R/02407,2,0,ARAMBAGH          ,22.8885397,87.710997,40460762818,,NO,t,11,81,2651,19,712614
1969,MACHINAN PHC,PURBA MEDINIPUR,TAMLUK,KOLAGHAT,BAISHNABCHAK,2.5,Rural,Health Center,PUM/H/R/03450,2,0,"VILL: MACHINAN, P.O- GOPALNAGAR, P.S- KOLAGHAT, PIN- 721130, BLOCK- PANSKURA 2",22.496703,87.863786,40460744957,03228297249,NO,t,15,263,2145,57,721130
1331,DOMDOMA GP,BIRBHUM,SURI SADAR SDO,SURI-II,DOMDOMA,0,Rural,GP,BIR/H/R/01093,1,0,Domdoma G.P,23.8746228,87.6055395,40458700796,03462297155,NO,t,6,30,1027,7,731129
2363,AUSGRAM,PURBA BARDHAMAN,BARDHAMAN SADAR NORTH,AUSGRAM I,AUSGRAM,0,Rural,GP,PUB/H/R/01539,2,0,"VILL + P.O :- AUSGRAM, PURBA BARDHAMAN, PIN-713152",23.5093768,87.6670164,40460341709,03452269310,NO,t,5,237,1549,52,713152
1202,SAHAPUR-II  GP,UTTAR DINAJPUR,ISLAMPUR SDO,GOALPOKHER-I,SAHAPUR-II,0,Rural,GP,UDR/L/R/00453,2,0,"VILL+PO-KICHAKTOLA, PS-GOALPOKHER",25.9938425,88.101839,40458699394,,NO,t,10,340,297,67,733210
2575,JATRADANGA GP,MALDAH,MALDA SADAR SDO,OLD MALDA,JATRADANGA,0,Rural,GP,MAL/H/R/00696,1,0,"Village+ PO- Popra, PS+Dist- Malda",25.0874882,88.2118179,40460535353,03512263025,NO,t,14,134,542,30,732141
3100,CHAPRA-II GP,NADIA,KRISHNAGAR SADAR SDO,CHAPRA,CHAPRA-II,0,Rural,GP,NAD/S/R/01352,2,0,Chapra CT  ,23.5177825,88.5533186,40460329077,,NO,t,18,174,887,37,741123
2582,BAJAGOPAINAGER/HIZOLI,MURSHIDABAD,KANDI SDO,KANDI,HIZOLE,2.1,Rural,Health Center,MUR/H/R/00913,1,0,"BAJEGOPALNAGAR/HIZOLE/PO-NUTANGRAM,PS-KANDI,DIST-MURSHIDABAD",24.0009604,88.1062381,40460535705,03484296681,NO,t,17,158,726,34,742140
204,JALPAIGURI SADAR BDO,JALPAIGURI,JALPAIGURI SDO,JALPAIGURI (SADAR),ARABINDA,2.00,Urban,BDO,JAL/P/U/00150,2,1,Sadar Block BDO OFFICE JALPAIGURI  PIN 735101,26.5420644,88.7179558,40460454167,"",YES,t,13,109,145,25,735101
